batch_id,split,dataset_index,scene,frame,coordinate,loss,region,region_count,autograd_fixed_branch,gradient_state,coordinate_step_1e4,max_pixel_perturbation_m_1e4,frozen_fd_direct_1e4,frozen_fd_relerr_1e4,native_secant_1e4,native_vs_frozen_sign_flip_1e4,fd_from_raw_components_fp64_1e4,raw_components_fd_relerr_1e4,native_nn_switch_max_side_1e4,native_cdf_mask_switch_max_side_1e4,native_query_switch_max_side_1e4,coordinate_step_1e3,max_pixel_perturbation_m_1e3,frozen_fd_direct_1e3,frozen_fd_relerr_1e3,native_secant_1e3,native_vs_frozen_sign_flip_1e3,fd_from_raw_components_fp64_1e3,raw_components_fd_relerr_1e3,native_nn_switch_max_side_1e3,native_cdf_mask_switch_max_side_1e3,native_query_switch_max_side_1e3,coordinate_step_1e2,max_pixel_perturbation_m_1e2,frozen_fd_direct_1e2,frozen_fd_relerr_1e2,native_secant_1e2,native_vs_frozen_sign_flip_1e2,fd_from_raw_components_fp64_1e2,raw_components_fd_relerr_1e2,native_nn_switch_max_side_1e2,native_cdf_mask_switch_max_side_1e2,native_query_switch_max_side_1e2
0,train,0,scene_0000,0,mu,weighted_depth,gt_valid_foreground,98499,-4.794373618460668,connected_nonzero,4.370463687265162e-05,4.370463648228906e-05,-4.792755137452946,0.00033757924111093023,-4.792755137452946,0,,,0.0029296875,0.0,0.0009765625,0.0004370463687265162,0.0004370463720988482,-4.794255324022256,2.467359614120301e-05,-4.794255324022256,0,,,0.0400390625,0.0029296875,0.0009765625,0.004370463687265162,0.0043704635463654995,-4.778298794148684,0.003352851819909867,-4.778298794148684,0,,,0.3486328125,0.029296875,0.009765625
0,train,0,scene_0000,0,mu,weighted_view,gt_valid_foreground,98499,1.5271388280926481,connected_nonzero,4.370463687265162e-05,4.370463648228906e-05,1.526098882780066,0.0006809762763226221,0.9417080237351523,0,,,0.0029296875,0.0,0.0009765625,0.0004370463687265162,0.0004370463720988482,1.5206436588916654,0.004253162241375903,-11.0958571987082,1,,,0.0400390625,0.0029296875,0.0009765625,0.004370463687265162,0.0043704635463654995,1.5114243305202681,0.010290156522316258,-8.449412166937444,1,,,0.3486328125,0.029296875,0.009765625
0,train,0,scene_0000,0,mu,weighted_cdf,gt_valid_foreground,98499,1.129701271823013,connected_nonzero,4.370463687265162e-05,4.370463648228906e-05,1.1294018206454353,0.00026507111662764073,1.1294018206454353,0,,,0.0029296875,0.0,0.0009765625,0.0004370463687265162,0.0004370463720988482,1.1289457980235142,0.0006687376728183102,-0.1450109318772111,1,,,0.0400390625,0.0029296875,0.0009765625,0.004370463687265162,0.0043704635463654995,1.1207382432076691,0.00793398116732238,-4.306882638506983,1,,,0.3486328125,0.029296875,0.009765625
0,train,0,scene_0000,0,mu,weighted_width,gt_valid_foreground,98499,0.5267687123651899,connected_nonzero,4.370463687265162e-05,4.370463648228906e-05,0.5268979135335666,0.00024521100778386227,0.5268979135335666,0,,,0.0029296875,0.0,0.0009765625,0.0004370463687265162,0.0004370463720988482,0.5288200275754953,0.0038790422134921663,-0.9719504211664731,1,,,0.0400390625,0.0029296875,0.0009765625,0.004370463687265162,0.0043704635463654995,0.5399248177033207,0.024366550502518076,-0.17266039320407645,1,,,0.3486328125,0.029296875,0.009765625
0,train,0,scene_0000,0,mu,weighted_task,gt_valid_foreground,98499,3.183608851372484,connected_nonzero,4.370463687265162e-05,4.370463648228906e-05,3.1824412358956957,0.00036675845912570936,2.5980503768507823,0,3.1820363559977287,0.0004939348544898747,0.0029296875,0.0,0.0009765625,0.0004370463687265162,0.0004370463720988482,3.1784180082780007,0.0016304902193765244,-12.212882480156829,1,3.1784105499640907,0.0016328329424490555,0.0400390625,0.0029296875,0.0009765625,0.004370463687265162,0.0043704635463654995,3.172089948567456,0.003618190343974669,-12.92895562483787,1,3.1720851539370853,0.003619696380235512,0.3486328125,0.029296875,0.009765625
0,train,0,scene_0000,0,alpha,weighted_depth,gt_valid_foreground,98499,0.0010204431621287204,connected_nonzero,0.0001,6.6251068346900865e-06,0.001043081283569336,0.021703123042482186,0.001043081283569336,0,,,0.0,0.0,0.0,0.001,6.625107198487967e-05,0.0010132789611816406,0.007020676126767029,0.0010132789611816406,0,,,0.001953125,0.0,0.0,0.01,0.0006625106907449663,0.001019984483718872,0.0004494894246647523,0.001019984483718872,0,,,0.015625,0.0,0.0009765625
0,train,0,scene_0000,0,alpha,weighted_view,gt_valid_foreground,98499,-0.01775464180304859,connected_nonzero,0.0001,6.6251068346900865e-06,-0.017583370208740234,0.009646581226941347,-0.017583370208740234,0,,,0.0,0.0,0.0,0.001,6.625107198487967e-05,-0.01773238182067871,0.0012537556441188167,0.043332576751708984,1,,,0.001953125,0.0,0.0,0.01,0.0006625106907449663,-0.01774132251739502,0.0007501861091494648,0.07386207580566406,1,,,0.015625,0.0,0.0009765625
0,train,0,scene_0000,0,alpha,weighted_cdf,gt_valid_foreground,98499,0.01510634434380231,connected_nonzero,0.0001,6.6251068346900865e-06,0.015031546354293823,0.004951428870292794,0.015031546354293823,0,,,0.0,0.0,0.0,0.001,6.625107198487967e-05,0.015113502740859985,0.0004736424891313959,0.015113502740859985,0,,,0.001953125,0.0,0.0,0.01,0.0006625106907449663,0.015105679631233215,4.400221218097904e-05,0.015105679631233215,0,,,0.015625,0.0,0.0009765625
0,train,0,scene_0000,0,alpha,weighted_width,gt_valid_foreground,98499,0.008478961520719228,connected_nonzero,0.0001,6.6251068346900865e-06,0.008512288331985474,0.003915141260078996,0.008512288331985474,0,,,0.0,0.0,0.0,0.001,6.625107198487967e-05,0.008471310138702393,0.0009023961245889323,0.008471310138702393,0,,,0.001953125,0.0,0.0,0.01,0.0006625106907449663,0.008475594222545624,0.00039713568287533393,0.008475594222545624,0,,,0.015625,0.0,0.0009765625
0,train,0,scene_0000,0,alpha,weighted_task,gt_valid_foreground,98499,0.005830664477842079,connected_nonzero,0.0001,6.6251068346900865e-06,0.006258487701416016,0.06835888220682114,0.006258487701416016,0,0.00585801899433136,0.004669584806015588,0.0,0.0,0.0,0.001,6.625107198487967e-05,0.005841255187988281,0.0018130880787369334,0.06690621376037598,0,0.005844514816999435,0.0023698013592284356,0.001953125,0.0,0.0,0.01,0.0006625106907449663,0.005841255187988281,0.0018130880787369334,0.09744465351104736,0,0.005839485675096512,0.0015106120205161076,0.015625,0.0,0.0009765625
1,validation_test_seen,1097,scene_0104,73,mu,weighted_depth,gt_valid_foreground,40702,1.2495515300324769,connected_nonzero,4.19215436807183e-05,4.192154301563278e-05,1.2493303372834828,0.0001770177088962283,1.2493303372834828,0,,,0.0068359375,0.0068359375,0.0009765625,0.000419215436807183,0.000419215444708243,1.2466288903631173,0.0023389508948731476,1.2466288903631173,0,,,0.0732421875,0.0380859375,0.0009765625,0.00419215436807183,0.004192154388874769,1.1655381629993546,0.06723481586304701,1.1655381629993546,0,,,0.6552734375,0.314453125,0.0146484375
1,validation_test_seen,1097,scene_0104,73,mu,weighted_view,gt_valid_foreground,40702,-0.9212503535958869,connected_nonzero,4.19215436807183e-05,4.192154301563278e-05,-0.9192028600085601,0.002222515931022326,-5.151232732886331,0,,,0.0068359375,0.0068359375,0.0009765625,0.000419215436807183,0.000419215444708243,-0.9149374175027198,0.006852573861736927,6.30389747938121,1,,,0.0732421875,0.0380859375,0.0009765625,0.00419215436807183,0.004192154388874769,-0.9145393095355081,0.007284712601936932,7.623547190908891,1,,,0.6552734375,0.314453125,0.0146484375
1,validation_test_seen,1097,scene_0104,73,mu,weighted_cdf,gt_valid_foreground,40702,0.07423826552948523,connected_nonzero,4.19215436807183e-05,4.192154301563278e-05,0.07420092692451156,0.0005029563218827691,-6.3898106005196755,1,,,0.0068359375,0.0068359375,0.0009765625,0.000419215436807183,0.000419215444708243,0.07414760889318857,0.0012211577903939112,-4.294865172791929,1,,,0.0732421875,0.0380859375,0.0009765625,0.00419215436807183,0.004192154388874769,0.087302944488284,0.14964763256698682,-3.50127248550952,1,,,0.6552734375,0.314453125,0.0146484375
1,validation_test_seen,1097,scene_0104,73,mu,weighted_width,gt_valid_foreground,40702,-0.13879072172055024,connected_nonzero,4.19215436807183e-05,4.192154301563278e-05,-0.13882682405726732,0.00026005303342665554,1.8356953867582009,1,,,0.0068359375,0.0068359375,0.0009765625,0.000419215436807183,0.000419215444708243,-0.1389601191355748,0.0012190361959843131,0.2596588125430213,1,,,0.0732421875,0.0380859375,0.0009765625,0.00419215436807183,0.004192154388874769,-0.1374238933580808,0.009848124900031043,1.583603291493769,1,,,0.6552734375,0.314453125,0.0146484375
1,validation_test_seen,1097,scene_0104,73,mu,weighted_task,gt_valid_foreground,40702,-0.9858028064495539,connected_nonzero,4.19215436807183e-05,4.192154301563278e-05,-0.9846063117647763,0.0012137261904202016,-9.705303514955038,0,-0.9838009873333351,0.0020306486278208937,0.0068359375,0.0068359375,0.0009765625,0.000419215436807183,0.000419215444708243,-0.9797721435914907,0.0061175143939619136,2.2687177781479644,1,-0.9797721435914907,0.0061175143939619136,0.0732421875,0.0380859375,0.0009765625,0.00419215436807183,0.004192154388874769,-0.9646653680499734,0.021441852530029438,5.7058753309915735,1,-0.9646584811375941,0.021448838625356223,0.6552734375,0.314453125,0.0146484375
1,validation_test_seen,1097,scene_0104,73,alpha,weighted_depth,gt_valid_foreground,40702,-0.020549805197314065,connected_nonzero,0.0001,1.645731936150696e-05,-0.02055428922176361,0.00021815516952042077,-0.02055428922176361,0,,,0.0009765625,0.0009765625,0.0009765625,0.001,0.00016457319725304842,-0.020578503608703613,0.0013945820325541132,-0.020578503608703613,0,,,0.0126953125,0.005859375,0.001953125,0.01,0.0016457318561151624,-0.02038087695837021,0.008220430185193972,-0.02038087695837021,0,,,0.1015625,0.05859375,0.001953125
1,validation_test_seen,1097,scene_0104,73,alpha,weighted_view,gt_valid_foreground,40702,0.04299727102689738,connected_nonzero,0.0001,1.645731936150696e-05,0.043511390686035156,0.011815748727672465,1.138746738433838,0,,,0.0009765625,0.0009765625,0.0009765625,0.001,0.00016457319725304842,0.042885541915893555,0.002598516332209289,-0.35139918327331543,1,,,0.0126953125,0.005859375,0.001953125,0.01,0.0016457318561151624,0.042685866355895996,0.007242428730106577,-0.4403054714202881,1,,,0.1015625,0.05859375,0.001953125
1,validation_test_seen,1097,scene_0104,73,alpha,weighted_cdf,gt_valid_foreground,40702,-0.007020880609053102,connected_nonzero,0.0001,1.645731936150696e-05,-0.007040798664093018,0.0028289482472342482,1.012645661830902,1,,,0.0009765625,0.0009765625,0.0009765625,0.001,0.00016457319725304842,-0.007010996341705322,0.0014078386883598084,0.30183419585227966,1,,,0.0126953125,0.005859375,0.001953125,0.01,0.0016457318561151624,-0.007019937038421631,0.00013439491197939595,0.4585038870573044,1,,,0.1015625,0.05859375,0.001953125
1,validation_test_seen,1097,scene_0104,73,alpha,weighted_width,gt_valid_foreground,40702,-0.0003887298263553756,connected_nonzero,0.0001,1.645731936150696e-05,-0.00034458935260772705,0.11355051955106596,0.00542961061000824,1,,,0.0009765625,0.0009765625,0.0009765625,0.001,0.00016457319725304842,-0.000391155481338501,0.006201255252323158,-0.005369074642658234,0,,,0.0126953125,0.005859375,0.001953125,0.01,0.0016457318561151624,-0.00037634745240211487,0.031853418785366905,0.03982791677117348,1,,,0.1015625,0.05859375,0.001953125
1,validation_test_seen,1097,scene_0104,73,alpha,weighted_task,gt_valid_foreground,40702,0.0355876612279052,connected_nonzero,0.0001,1.645731936150696e-05,0.03635883331298828,0.02121003384362166,2.156496047973633,0,0.03591645509004593,0.009154407396732516,0.0009765625,0.0009765625,0.0009765625,0.001,0.00016457319725304842,0.03546476364135742,0.003453376319414107,-0.054895877838134766,1,0.03548525273799896,0.0028776403498507433,0.0126953125,0.005859375,0.001953125,0.01,0.0016457318561151624,0.03529191017150879,0.00831049431718503,0.05802512168884277,0,0.03528853412717581,0.008405359903078993,0.1015625,0.05859375,0.001953125
2,train,7314,scene_0028,146,mu,weighted_depth,gt_valid_foreground,62076,-0.5931620465344167,connected_nonzero,4.105388544875788e-05,4.1053885070141405e-05,-0.59283676992777,0.0005483773086075981,-0.59283676992777,0,,,0.0068359375,0.001953125,0.0,0.0004105388544875788,0.0004105388652533293,-0.5909221247136001,0.003776239282171781,-0.5909221247136001,0,,,0.0615234375,0.01171875,0.001953125,0.0041053885448757875,0.004105388652533293,-0.32267170976784976,0.4560142348063607,-0.32267170976784976,0,,,0.568359375,0.373046875,0.021484375
2,train,7314,scene_0028,146,mu,weighted_view,gt_valid_foreground,62076,-0.3712622805904421,connected_nonzero,4.105388544875788e-05,4.1053885070141405e-05,-0.3705882016431351,0.001815640808527456,10.100252582882979,1,,,0.0068359375,0.001953125,0.0,0.0004105388544875788,0.0004105388652533293,-0.37207636190438576,0.002187941501515942,8.257039061253039,1,,,0.0615234375,0.01171875,0.001953125,0.0041053885448757875,0.004105388652533293,-0.34607711324258583,0.06783659063830205,6.881485346209859,1,,,0.568359375,0.373046875,0.021484375
2,train,7314,scene_0028,146,mu,weighted_cdf,gt_valid_foreground,62076,0.07713651564283933,connected_nonzero,4.105388544875788e-05,4.1053885070141405e-05,0.07703951596352147,0.001257506623283119,0.8238418909691537,0,,,0.0068359375,0.001953125,0.0,0.0004105388544875788,0.0004105388652533293,0.07729359210568622,0.0020322054981235143,0.46998641811715336,0,,,0.0615234375,0.01171875,0.001953125,0.0041053885448757875,0.004105388652533293,0.10201247849393463,0.2438521563082536,-1.3753604356921774,1,,,0.568359375,0.373046875,0.021484375
2,train,7314,scene_0028,146,mu,weighted_width,gt_valid_foreground,62076,0.019798637558253195,connected_nonzero,4.105388544875788e-05,4.1053885070141405e-05,0.01987238397645607,0.003711000063718886,1.6401976098923823,0,,,0.0068359375,0.001953125,0.0,0.0004105388544875788,0.0004105388652533293,0.019865578365505232,0.003369688313141394,0.3091766369597285,0,,,0.0615234375,0.01171875,0.001953125,0.0041053885448757875,0.004105388652533293,0.02291176982710172,0.13587480549695832,0.5349362199339024,0,,,0.568359375,0.373046875,0.021484375
2,train,7314,scene_0028,146,mu,weighted_task,gt_valid_foreground,62076,-0.27432712767867606,connected_nonzero,4.105388544875788e-05,4.1053885070141405e-05,-0.274402233537914,0.0002737071716566238,12.563702264128775,1,-0.2739882255384045,0.0012353941921066885,0.0068359375,0.001953125,0.0,0.0004105388544875788,0.0004105388652533293,-0.27483779263876784,0.0018580594582309454,9.03618169949707,1,-0.274936473997555,0.0022163167731770387,0.0615234375,0.01171875,0.001953125,0.0041053885448757875,0.004105388652533293,-0.22114061482183794,0.193879888244725,6.0410668017940425,1,-0.22115224107387896,0.19383750726644045,0.568359375,0.373046875,0.021484375
2,train,7314,scene_0028,146,alpha,weighted_depth,gt_valid_foreground,62076,-0.008134703078458705,connected_nonzero,0.0001,9.725951713335235e-06,-0.008139759302139282,0.0006211760683449782,-0.008139759302139282,0,,,0.0,0.0,0.0,0.001,9.725952259032056e-05,-0.008103437721729279,0.003843453956201462,-0.008103437721729279,0,,,0.005859375,0.001953125,0.0,0.01,0.0009725951822474599,-0.007881969213485718,0.03106860355385866,-0.007881969213485718,0,,,0.0439453125,0.0048828125,0.0009765625
2,train,7314,scene_0028,146,alpha,weighted_view,gt_valid_foreground,62076,0.0023508015023312543,connected_nonzero,0.0001,9.725951713335235e-06,0.002384185791015625,0.014002385556601075,0.002384185791015625,0,,,0.0,0.0,0.0,0.001,9.725952259032056e-05,0.002339482307434082,0.004815036440102322,-0.18480420112609863,1,,,0.005859375,0.001953125,0.0,0.01,0.0009725951822474599,0.002014636993408203,0.14299995494714543,0.007884204387664795,0,,,0.0439453125,0.0048828125,0.0009765625
2,train,7314,scene_0028,146,alpha,weighted_cdf,gt_valid_foreground,62076,9.885745974152896e-05,connected_nonzero,0.0001,9.725951713335235e-06,0.00011175870895385742,0.11543842384270102,0.00011175870895385742,0,,,0.0,0.0,0.0,0.001,9.725952259032056e-05,0.00010058283805847168,0.017153804269667793,-0.10529905557632446,1,,,0.005859375,0.001953125,0.0,0.01,0.0009725951822474599,9.12696123123169e-05,0.07675543604955182,-0.02674870193004608,1,,,0.0439453125,0.0048828125,0.0009765625
2,train,7314,scene_0028,146,alpha,weighted_width,gt_valid_foreground,62076,-0.0002626978744268481,connected_nonzero,0.0001,9.725951713335235e-06,-0.000260770320892334,0.007337529999889136,-0.000260770320892334,0,,,0.0,0.0,0.0,0.001,9.725952259032056e-05,-0.0002644956111907959,0.006796849126736535,-0.11708121746778488,0,,,0.005859375,0.001953125,0.0,0.01,0.0009725951822474599,-0.0002673827111721039,0.017521090741878007,0.009958911687135696,1,,,0.0439453125,0.0048828125,0.0009765625
2,train,7314,scene_0028,146,alpha,weighted_task,gt_valid_foreground,62076,0.0021869613977081497,connected_nonzero,0.0001,9.725951713335235e-06,0.002384185791015625,0.08272190617471169,0.002384185791015625,0,0.0021723099052906036,0.006699474637686903,0.0,0.0,0.0,0.001,9.725952259032056e-05,0.002175569534301758,0.005208991534249348,-0.40718913078308105,1,0.002164626494050026,0.010212756238646852,0.005859375,0.001953125,0.0,0.01,0.0009725951822474599,0.0018417835235595703,0.15783446132625492,-0.00890493392944336,1,0.00183784868568182,0.1596336873582617,0.0439453125,0.0048828125,0.0009765625
3,validation_test_seen,3291,scene_0112,219,mu,weighted_depth,gt_valid_foreground,62731,0.017189492318721022,connected_nonzero,4.1889275376920734e-05,4.1889274143613875e-05,0.016985981270954367,0.01183927040969162,0.016985981270954367,0,,,0.0087890625,0.001953125,0.0,0.00041889275376920734,0.00041889274143613875,0.018017590604687723,0.04596054512145762,0.018017590604687723,0,,,0.0732421875,0.0205078125,0.001953125,0.004188927537692073,0.004188927356153727,-0.052451109391603024,1.327724094268117,-0.052451109391603024,0,,,0.609375,0.26171875,0.0107421875
3,validation_test_seen,3291,scene_0112,219,mu,weighted_view,gt_valid_foreground,62731,0.6638399401927515,connected_nonzero,4.1889275376920734e-05,4.1889274143613875e-05,0.6644987018668641,0.0009913663822997102,4.065963684335255,0,,,0.0087890625,0.001953125,0.0,0.00041889275376920734,0.00041889274143613875,0.6704037759840964,0.009790869363332176,4.870120946348227,0,,,0.0732421875,0.0205078125,0.001953125,0.004188927537692073,0.004188927356153727,0.6376128282656341,0.039508186144241474,1.2430607889601752,0,,,0.609375,0.26171875,0.0107421875
3,validation_test_seen,3291,scene_0112,219,mu,weighted_cdf,gt_valid_foreground,62731,0.08567883687893196,connected_nonzero,4.1889275376920734e-05,4.1889274143613875e-05,0.08573029290680634,0.0006002082359652073,-4.171970436560269,1,,,0.0087890625,0.001953125,0.0,0.00041889275376920734,0.00041889274143613875,0.08598819524023968,0.0035976840826047003,-2.7661359238312286,1,,,0.0732421875,0.0205078125,0.001953125,0.004188927537692073,0.004188927356153727,0.09606417261196287,0.10810831395988751,-2.3687066493736717,1,,,0.609375,0.26171875,0.0107421875
3,validation_test_seen,3291,scene_0112,219,mu,weighted_width,gt_valid_foreground,62731,-0.1505426280699625,connected_nonzero,4.1889275376920734e-05,4.1889274143613875e-05,-0.15067276842049446,0.0008637284088971696,5.255982856492104,1,,,0.0087890625,0.001953125,0.0,0.00041889275376920734,0.00041889274143613875,-0.15009026487429156,0.0030048844069648223,1.7568484817157253,1,,,0.0732421875,0.0205078125,0.001953125,0.004188927537692073,0.004188927356153727,-0.15193226559195985,0.009146427959742737,1.9431333381210059,1,,,0.609375,0.26171875,0.0107421875
3,validation_test_seen,3291,scene_0112,219,mu,weighted_task,gt_valid_foreground,62731,0.5989761326192249,connected_nonzero,4.1889275376920734e-05,4.1889274143613875e-05,0.5997563229911846,0.0013008455968728854,5.149509212111737,0,0.5998396965903549,0.0014396579220059768,0.0087890625,0.001953125,0.0,0.00041889275376920734,0.00041889274143613875,0.6063017063500445,0.012082390094066933,3.8608512906005474,0,0.6063311650217513,0.012130388188544767,0.0732421875,0.0205078125,0.001953125,0.004188927537692073,0.004188927356153727,0.5817422896600615,0.028772169742060726,0.8174828087859559,0,0.5817454022744305,0.028766973183801524,0.609375,0.26171875,0.0107421875
3,validation_test_seen,3291,scene_0112,219,alpha,weighted_depth,gt_valid_foreground,62731,0.004867660595935831,connected_nonzero,0.0001,2.0639592548832297e-05,0.004861503839492798,0.0012648286218176152,0.004861503839492798,0,,,0.001953125,0.0,0.0,0.001,0.0002063959400402382,0.004820525646209717,0.009683286005081988,0.004820525646209717,0,,,0.0068359375,0.00390625,0.0,0.01,0.002063959138467908,0.0044016167521476746,0.09574287989127096,0.0044016167521476746,0,,,0.0791015625,0.021484375,0.0029296875
3,validation_test_seen,3291,scene_0112,219,alpha,weighted_view,gt_valid_foreground,62731,0.0012278269900441192,connected_nonzero,0.0001,2.0639592548832297e-05,0.0011920928955078125,0.029103525843671714,0.44405460357666016,0,,,0.001953125,0.0,0.0,0.001,0.0002063959400402382,0.0008940696716308594,0.2718276443827538,-0.8574128150939941,1,,,0.0068359375,0.00390625,0.0,0.01,0.002063959138467908,-0.00010728836059570312,1.0873806826740695,-0.23461878299713135,0,,,0.0791015625,0.021484375,0.0029296875
3,validation_test_seen,3291,scene_0112,219,alpha,weighted_cdf,gt_valid_foreground,62731,-0.008182751748585173,connected_nonzero,0.0001,2.0639592548832297e-05,-0.008158385753631592,0.0029777262835566833,-0.22113323211669922,0,,,0.001953125,0.0,0.0,0.001,0.0002063959400402382,-0.008188188076019287,0.0006639231272709994,-0.03442913293838501,0,,,0.0068359375,0.00390625,0.0,0.01,0.002063959138467908,-0.008247420191764832,0.007841051101559084,0.019541382789611816,1,,,0.0791015625,0.021484375,0.0029296875
3,validation_test_seen,3291,scene_0112,219,alpha,weighted_width,gt_valid_foreground,62731,0.008223222239267716,connected_nonzero,0.0001,2.0639592548832297e-05,0.008260831236839294,0.004552689250430519,0.10557472705841064,0,,,0.001953125,0.0,0.0,0.001,0.0002063959400402382,0.00821240246295929,0.00131575871277796,-0.019329600036144257,1,,,0.0068359375,0.00390625,0.0,0.01,0.002063959138467908,0.008141249418258667,0.009968455019689251,-0.05574086681008339,1,,,0.0791015625,0.021484375,0.0029296875
3,validation_test_seen,3291,scene_0112,219,alpha,weighted_task,gt_valid_foreground,62731,0.0012682973643571224,connected_nonzero,0.0001,2.0639592548832297e-05,0.0014901161193847656,0.14886004663799424,0.32842159271240234,0,0.0012712553143501282,0.002326794593985919,0.001953125,0.0,0.0,0.001,0.0002063959400402382,0.0008940696716308594,0.29506305322644305,-0.9111464023590088,1,0.0009085051715373993,0.28368125877332834,0.0068359375,0.00390625,0.0,0.01,0.002063959138467908,-0.00021457672119140625,1.1691848672256537,-0.2708166837692261,0,-0.0002132495865225792,1.1681384764452867,0.0791015625,0.021484375,0.0029296875
4,train,14628,scene_0057,36,mu,weighted_depth,gt_valid_foreground,35983,-0.09755659698566888,connected_nonzero,4.0620108774652995e-05,4.062010702909902e-05,-0.09771753283654465,0.0016469495924029958,-0.09771753283654465,0,,,0.009765625,0.0,0.0009765625,0.0004062010877465299,0.0004062010848429054,-0.09352636319728601,0.04131175043933637,-0.09352636319728601,0,,,0.078125,0.00390625,0.001953125,0.004062010877465299,0.004062010906636715,-0.03590030269610277,0.6320053814364133,-0.03590030269610277,0,,,0.61328125,0.1826171875,0.0166015625
4,train,14628,scene_0057,36,mu,weighted_view,gt_valid_foreground,35983,0.6924841417551674,connected_nonzero,4.0620108774652995e-05,4.062010702909902e-05,0.6922308191930915,0.00036581713110976925,-4.476572700907947,1,,,0.009765625,0.0,0.0009765625,0.0004062010877465299,0.0004062010848429054,0.6923408717875579,0.00020689277771237114,4.607645340917323,0,,,0.078125,0.00390625,0.001953125,0.004062010877465299,0.004062010906636715,0.725606102674908,0.04564730202466364,-0.11302401451690065,1,,,0.61328125,0.1826171875,0.0166015625
4,train,14628,scene_0057,36,mu,weighted_cdf,gt_valid_foreground,35983,0.2724750444184873,connected_nonzero,4.0620108774652995e-05,4.062010702909902e-05,0.27265530279028366,0.0006611218265393804,-4.173744645134817,1,,,0.009765625,0.0,0.0009765625,0.0004062010877465299,0.0004062010848429054,0.2728112106324443,0.0012322302048279941,-0.6075086635531104,1,,,0.078125,0.00390625,0.001953125,0.004062010877465299,0.004062010906636715,0.2805671672274575,0.028842016294835633,0.34914185594436936,0,,,0.61328125,0.1826171875,0.0166015625
4,train,14628,scene_0057,36,mu,weighted_width,gt_valid_foreground,35983,0.16765883244115165,connected_nonzero,4.0620108774652995e-05,4.062010702909902e-05,0.1676697131941931,6.489396823176679e-05,-0.5006017390786288,1,,,0.009765625,0.0,0.0009765625,0.0004062010877465299,0.0004062010848429054,0.16805031175005578,0.0023295363443679817,0.48836297346902124,0,,,0.078125,0.00390625,0.001953125,0.004062010877465299,0.004062010906636715,0.1674085675585741,0.0014927032410617675,-0.2415321997989727,1,,,0.61328125,0.1826171875,0.0166015625
4,train,14628,scene_0057,36,mu,weighted_task,gt_valid_foreground,35983,1.1326180172426663,connected_nonzero,4.0620108774652995e-05,4.062010702909902e-05,1.132808039039887,0.00016774404018324302,-9.151240071855252,1,1.1327277923564218,9.691217474868626e-05,0.009765625,0.0,0.0009765625,0.0004062010877465299,0.0004062010848429054,1.1332482494177523,0.0005561289641609938,4.4885317495066195,0,1.133219016697347,0.0005303471313359009,0.078125,0.00390625,0.001953125,0.004062010877465299,0.004062010906636715,1.1735861937094707,0.034908536489605596,-0.005407250808111378,1,1.1735834997136685,0.03490632109346881,0.61328125,0.1826171875,0.0166015625
4,train,14628,scene_0057,36,alpha,weighted_depth,gt_valid_foreground,35983,0.0006894047246902338,connected_nonzero,0.0001,1.672236612648703e-05,0.0006891787052154541,0.0003278472959135721,0.0006891787052154541,0,,,0.001953125,0.0,0.0,0.001,0.00016722366854082793,0.0006807968020439148,0.012486022126098407,0.0006807968020439148,0,,,0.009765625,0.0,0.0009765625,0.01,0.001672236598096788,0.0007893890142440796,0.1266603509165768,0.0007893890142440796,0,,,0.0712890625,0.0068359375,0.001953125
4,train,14628,scene_0057,36,alpha,weighted_view,gt_valid_foreground,35983,0.009331387716685874,connected_nonzero,0.0001,1.672236612648703e-05,0.009387731552124023,0.006001858396281207,-0.8048117160797119,1,,,0.001953125,0.0,0.0,0.001,0.00016722366854082793,0.009298324584960938,0.0035432170143155327,-0.05428493022918701,1,,,0.009765625,0.0,0.0009765625,0.01,0.001672236598096788,0.009322166442871094,0.0009881996220445467,-0.038780272006988525,1,,,0.0712890625,0.0068359375,0.001953125
4,train,14628,scene_0057,36,alpha,weighted_cdf,gt_valid_foreground,35983,-0.0017020093011415795,connected_nonzero,0.0001,1.672236612648703e-05,-0.0017136335372924805,0.006783385069171251,0.03471970558166504,1,,,0.001953125,0.0,0.0,0.001,0.00016722366854082793,-0.001695007085800171,0.004114087588541429,0.11216104030609131,1,,,0.009765625,0.0,0.0009765625,0.01,0.001672236598096788,-0.0016883015632629395,0.0080538560332461,-0.039276108145713806,0,,,0.0712890625,0.0068359375,0.001953125
4,train,14628,scene_0057,36,alpha,weighted_width,gt_valid_foreground,35983,-0.004834030663673957,connected_nonzero,0.0001,1.672236612648703e-05,-0.004842877388000488,0.0018267495989989346,-0.059623271226882935,0,,,0.001953125,0.0,0.0,0.001,0.00016722366854082793,-0.0048317015171051025,0.000481822878443358,-0.01883227378129959,0,,,0.009765625,0.0,0.0009765625,0.01,0.001672236598096788,-0.004858057945966721,0.004945861609722305,-0.02728952094912529,0,,,0.0712890625,0.0068359375,0.001953125
4,train,14628,scene_0057,36,alpha,weighted_task,gt_valid_foreground,35983,0.0027953478240059994,connected_nonzero,0.0001,1.672236612648703e-05,0.0029802322387695312,0.06203691523042726,-0.8296966552734375,1,0.0027567148208618164,0.01382046370487742,0.001953125,0.0,0.0,0.001,0.00016722366854082793,0.002771615982055664,0.008489763508687569,0.03904104232788086,0,0.002762535586953163,0.011738158940740758,0.009765625,0.0,0.0009765625,0.01,0.001672236598096788,0.0027745962142944336,0.007423623469449597,-0.10534524917602539,1,0.0027761096134781837,0.006882224230774066,0.0712890625,0.0068359375,0.001953125
5,validation_test_seen,5485,scene_0121,109,mu,weighted_depth,gt_valid_foreground,57568,0.8976402713451535,connected_nonzero,4.083388228292446e-05,4.083388193976134e-05,0.8969314089599533,0.0007896953911592228,0.8969314089599533,0,,,0.0087890625,0.0048828125,0.0,0.00040833882282924463,0.0004083388193976134,0.8998827115160082,0.002491924938836699,0.8998827115160082,0,,,0.0712890625,0.017578125,0.0009765625,0.004083388228292446,0.004083388019353151,0.9408428680880262,0.04591903516329856,0.9408428680880262,0,,,0.6220703125,0.2529296875,0.017578125
5,validation_test_seen,5485,scene_0121,109,mu,weighted_view,gt_valid_foreground,57568,-1.4924178043413465,connected_nonzero,4.083388228292446e-05,4.083388193976134e-05,-1.491799053991065,0.00041459593183729593,18.668653621349048,1,,,0.0087890625,0.0048828125,0.0,0.00040833882282924463,0.0004083388193976134,-1.491507116798503,0.0006102095138468481,14.518620460486035,1,,,0.0712890625,0.017578125,0.0009765625,0.004083388228292446,0.004083388019353151,-1.5045056202973197,0.008034410634893078,11.394914395363658,1,,,0.6220703125,0.2529296875,0.017578125
5,validation_test_seen,5485,scene_0121,109,mu,weighted_cdf,gt_valid_foreground,57568,-0.060427790622671035,connected_nonzero,4.083388228292446e-05,4.083388193976134e-05,-0.06057696745658434,0.0024625998985542273,7.922719254265292,1,,,0.0087890625,0.0048828125,0.0,0.00040833882282924463,0.0004083388193976134,-0.06086890464914619,0.007246951937410004,1.1594011911475934,1,,,0.0712890625,0.017578125,0.0009765625,0.004083388228292446,0.004083388019353151,-0.058941206874511216,0.02460099455633727,0.08232993751734936,1,,,0.6220703125,0.2529296875,0.017578125
5,validation_test_seen,5485,scene_0121,109,mu,weighted_width,gt_valid_foreground,57568,-0.1712269288562982,connected_nonzero,4.083388228292446e-05,4.083388193976134e-05,-0.17128502469839924,0.00033917642364434173,0.9557749993357015,1,,,0.0087890625,0.0048828125,0.0,0.00040833882282924463,0.0004083388193976134,-0.17145380088784906,0.0013232254425159292,0.6166762656192089,1,,,0.0712890625,0.017578125,0.0009765625,0.004083388228292446,0.004083388019353151,-0.1670868310238008,0.02417901121132619,0.7205541329347349,1,,,0.6220703125,0.2529296875,0.017578125
5,validation_test_seen,5485,scene_0121,109,mu,weighted_task,gt_valid_foreground,57568,-1.724072532205919,connected_nonzero,4.083388228292446e-05,4.083388193976134e-05,-1.7238891220777375,0.00010638190955156077,27.548653176099187,1,-1.7240487752299198,1.3779568756718227e-05,0.0087890625,0.0048828125,0.0,0.00040833882282924463,0.0004083388193976134,-1.7238161377795969,0.00014871440820069787,16.294693355734204,1,-1.7238246906270354,0.0001437535685151656,0.0712890625,0.017578125,0.0009765625,0.004083388228292446,0.004083388019353151,-1.7305306932085196,0.0037318962489054715,12.197800062347266,1,-1.7305365091447777,0.0037352444774789934,0.6220703125,0.2529296875,0.017578125
5,validation_test_seen,5485,scene_0121,109,alpha,weighted_depth,gt_valid_foreground,57568,0.016029470362853074,connected_nonzero,0.0001,1.741495361784473e-05,0.01605600118637085,0.0016523929719372357,0.01605600118637085,0,,,0.0009765625,0.0009765625,0.0,0.001,0.00017414955073036253,0.01605600118637085,0.0016523929719372357,0.01605600118637085,0,,,0.009765625,0.0048828125,0.0,0.01,0.0017414954490959644,0.01599285751581192,0.0022840958691936245,0.01599285751581192,0,,,0.0751953125,0.017578125,0.001953125
5,validation_test_seen,5485,scene_0121,109,alpha,weighted_view,gt_valid_foreground,57568,0.01995677862579372,connected_nonzero,0.0001,1.741495361784473e-05,0.019669532775878906,0.014393397616965837,-0.2536177635192871,1,,,0.0009765625,0.0009765625,0.0,0.001,0.00017414955073036253,0.019788742065429688,0.008420024269189872,-0.7115602493286133,1,,,0.009765625,0.0048828125,0.0,0.01,0.0017414954490959644,0.019556283950805664,0.020068102297353004,-0.33871233463287354,1,,,0.0751953125,0.017578125,0.001953125
5,validation_test_seen,5485,scene_0121,109,alpha,weighted_cdf,gt_valid_foreground,57568,0.008134540514893967,connected_nonzero,0.0001,1.741495361784473e-05,0.008121132850646973,0.0016482386709421883,0.7221847772598267,0,,,0.0009765625,0.0009765625,0.0,0.001,0.00017414955073036253,0.008139759302139282,0.0006411476127978082,0.06837025284767151,0,,,0.009765625,0.0048828125,0.0,0.01,0.0017414954490959644,0.008105859160423279,0.0035258727174784896,0.06939321756362915,0,,,0.0751953125,0.017578125,0.001953125
5,validation_test_seen,5485,scene_0121,109,alpha,weighted_width,gt_valid_foreground,57568,-0.0030653930437145064,connected_nonzero,0.0001,1.741495361784473e-05,-0.0030640512704849243,0.000437716537634017,-0.0030640512704849243,0,,,0.0009765625,0.0009765625,0.0,0.001,0.00017414955073036253,-0.0030659139156341553,0.00016989124090951684,0.05215965211391449,1,,,0.009765625,0.0048828125,0.0,0.01,0.0017414954490959644,-0.0030510127544403076,0.004691173063005787,0.034436583518981934,1,,,0.0751953125,0.017578125,0.001953125
5,validation_test_seen,5485,scene_0121,109,alpha,weighted_task,gt_valid_foreground,57568,0.02502592670657922,connected_nonzero,0.0001,1.741495361784473e-05,0.02473592758178711,0.011587947499097811,0.46521425247192383,0,0.024850014597177505,0.007029194621411045,0.0009765625,0.0009765625,0.0,0.001,0.00017414955073036253,0.024884939193725586,0.00563365802620081,-0.5910396575927734,1,0.024888431653380394,0.005494104366679787,0.009765625,0.0048828125,0.0,0.01,0.0017414954490959644,0.02461373805999756,0.01647046486687335,-0.2348870038986206,1,0.02461262047290802,0.01651512203792008,0.0751953125,0.017578125,0.001953125
6,train,21942,scene_0085,182,mu,weighted_depth,gt_valid_foreground,96806,-0.7161291973825428,connected_nonzero,3.799375235918024e-05,3.799375190283172e-05,-0.714907615122606,0.00170581267235246,-0.714907615122606,0,,,0.0048828125,0.0009765625,0.0,0.0003799375235918024,0.0003799375263042748,-0.7124171431974746,0.00518349789205039,-0.7124171431974746,0,,,0.0546875,0.0166015625,0.0,0.003799375235918024,0.003799375146627426,-0.46978046463965484,0.34400040333964077,-0.46978046463965484,0,,,0.541015625,0.2978515625,0.0107421875
6,train,21942,scene_0085,182,mu,weighted_view,gt_valid_foreground,96806,0.4102669816447121,connected_nonzero,3.799375235918024e-05,3.799375190283172e-05,0.4090649162066192,0.002929959006873843,-1.6492022748310966,1,,,0.0048828125,0.0009765625,0.0,0.0003799375235918024,0.0003799375263042748,0.4099669769039109,0.0007312427132169759,1.725249913615817,0,,,0.0546875,0.0166015625,0.0,0.003799375235918024,0.003799375146627426,0.42757284851322547,0.04047466280585887,1.1859039007020888,0,,,0.541015625,0.2978515625,0.0107421875
6,train,21942,scene_0085,182,mu,weighted_cdf,gt_valid_foreground,96806,-0.00879657275996347,connected_nonzero,3.799375235918024e-05,3.799375190283172e-05,-0.00882450682133167,0.0031655096351305588,2.1863205900228175,1,,,0.0048828125,0.0009765625,0.0,0.0003799375235918024,0.0003799375263042748,-0.00905002199565459,0.028005372341947377,0.2994057114402043,1,,,0.0546875,0.0166015625,0.0,0.003799375235918024,0.003799375146627426,-0.004977021847231062,0.43420898308448364,0.17528019849135304,1,,,0.541015625,0.2978515625,0.0107421875
6,train,21942,scene_0085,182,mu,weighted_width,gt_valid_foreground,96806,0.007497743239374854,connected_nonzero,3.799375235918024e-05,3.799375190283172e-05,0.007476318279183776,0.0028575211909850416,0.28981151152390094,0,,,0.0048828125,0.0009765625,0.0,0.0003799375235918024,0.0003799375263042748,0.007559660843607464,0.008190526733083302,1.0817595224486272,0,,,0.0546875,0.0166015625,0.0,0.003799375235918024,0.003799375146627426,0.011824348890205475,0.3659064605590673,-0.06603721629667762,1,,,0.541015625,0.2978515625,0.0107421875
6,train,21942,scene_0085,182,mu,weighted_task,gt_valid_foreground,96806,0.40896814777087565,connected_nonzero,3.799375235918024e-05,3.799375190283172e-05,0.40710391469076773,0.00455838208982561,0.826758239082985,0,0.4077044714049972,0.003089913903481805,0.0048828125,0.0009765625,0.0,0.0003799375235918024,0.0003799375263042748,0.4084373957215467,0.0012977833413723623,3.1064617212906502,0,0.40845026479399443,0.0012663161659507917,0.0546875,0.0166015625,0.0,0.003799375235918024,0.003799375146627426,0.43441674380354717,0.05858106621272392,1.2951473731471432,0,0.4344190724928472,0.05858611265828029,0.541015625,0.2978515625,0.0107421875
6,train,21942,scene_0085,182,alpha,weighted_depth,gt_valid_foreground,96806,0.01536090689628501,connected_nonzero,0.0001,1.3773696991847828e-05,0.015385448932647705,0.0015951459375759204,0.015385448932647705,0,,,0.0009765625,0.0,0.0,0.001,0.0001377369771944359,0.015419907867908478,0.0038262856126565323,0.015419907867908478,0,,,0.00390625,0.001953125,0.0,0.01,0.0013773697428405285,0.01518353819847107,0.011546759511760147,0.01518353819847107,0,,,0.052734375,0.017578125,0.0009765625
6,train,21942,scene_0085,182,alpha,weighted_view,gt_valid_foreground,96806,-0.001956196814496954,connected_nonzero,0.0001,1.3773696991847828e-05,-0.002086162567138672,0.06229895727636197,3.484487533569336,1,,,0.0009765625,0.0,0.0,0.001,0.0001377369771944359,-0.0020265579223632812,0.034719514843313794,0.30174851417541504,1,,,0.00390625,0.001953125,0.0,0.01,0.0013773697428405285,-0.0021278858184814453,0.08068525223172743,0.12960880994796753,1,,,0.052734375,0.017578125,0.0009765625
6,train,21942,scene_0085,182,alpha,weighted_cdf,gt_valid_foreground,96806,-0.0007254398150810845,connected_nonzero,0.0001,1.3773696991847828e-05,-0.0007450580596923828,0.026331162190767064,-0.0007450580596923828,0,,,0.0009765625,0.0,0.0,0.001,0.0001377369771944359,-0.0007264316082000732,0.0013652945546328854,-0.0832192599773407,0,,,0.00390625,0.001953125,0.0,0.01,0.0013773697428405285,-0.0007256865501403809,0.00034000224924749824,-0.029373541474342346,0,,,0.052734375,0.017578125,0.0009765625
6,train,21942,scene_0085,182,alpha,weighted_width,gt_valid_foreground,96806,-0.0012946547294350468,connected_nonzero,0.0001,1.3773696991847828e-05,-0.0012852251529693604,0.007283468133470024,-0.0012852251529693604,0,,,0.0009765625,0.0,0.0,0.001,0.0001377369771944359,-0.0012936070561408997,0.0008092298821665672,-0.006239861249923706,0,,,0.00390625,0.001953125,0.0,0.01,0.0013773697428405285,-0.0012989155948162079,0.0032803250635881492,-0.018034223467111588,0,,,0.052734375,0.017578125,0.0009765625
6,train,21942,scene_0085,182,alpha,weighted_task,gt_valid_foreground,96806,-0.003976291108667904,connected_nonzero,0.0001,1.3773696991847828e-05,-0.004172325134277344,0.04698435987141565,3.4824013710021973,1,-0.004016328603029251,0.009968679935986581,0.0009765625,0.0,0.0,0.001,0.0001377369771944359,-0.004023313522338867,0.011687484311097715,0.2123117446899414,1,-0.004045432433485985,0.0170912074184615,0.00390625,0.001953125,0.0,0.01,0.0013773697428405285,-0.004151463508605957,0.042195336554186585,0.08220076560974121,1,-0.004152720794081688,0.04248532327654316,0.052734375,0.017578125,0.0009765625
7,validation_test_seen,7679,scene_0129,255,mu,weighted_depth,gt_valid_foreground,51572,-0.47233735414920375,connected_nonzero,4.1510850362977246e-05,4.1510851588100195e-05,-0.47258436144196203,0.0005226734376156843,-0.47258436144196203,0,,,0.01171875,0.0029296875,0.0009765625,0.0004151085036297724,0.00041510851588100195,-0.4672760885632511,0.0107153616826881,-0.4672760885632511,0,,,0.07421875,0.0244140625,0.001953125,0.004151085036297724,0.004151084925979376,-0.3542610295102889,0.24998303352822782,-0.3542610295102889,0,,,0.583984375,0.2138671875,0.017578125
7,validation_test_seen,7679,scene_0129,255,mu,weighted_view,gt_valid_foreground,51572,0.798622368512973,connected_nonzero,4.1510850362977246e-05,4.1510851588100195e-05,0.7926063578153074,0.007532985469549652,-5.139018396052509,1,,,0.01171875,0.0029296875,0.0009765625,0.0004151085036297724,0.00041510851588100195,0.7882269205121613,0.013016725314328393,7.2567276113132095,0,,,0.07421875,0.0244140625,0.001953125,0.004151085036297724,0.004151084925979376,0.766839471780895,0.039797153179239715,0.8543133473571786,0,,,0.583984375,0.2138671875,0.017578125
7,validation_test_seen,7679,scene_0129,255,mu,weighted_cdf,gt_valid_foreground,51572,0.13399095910095735,connected_nonzero,4.1510850362977246e-05,4.1510851588100195e-05,0.13407539612500785,0.0006297726987267508,-8.976410590366656,1,,,0.01171875,0.0029296875,0.0009765625,0.0004151085036297724,0.00041510851588100195,0.1342548812603827,0.001965829152338183,-6.067764229049636,1,,,0.07421875,0.0244140625,0.001953125,0.004151085036297724,0.004151084925979376,0.13983327926783282,0.041780613295103027,-2.0123891326740955,1,,,0.583984375,0.2138671875,0.017578125
7,validation_test_seen,7679,scene_0129,255,mu,weighted_width,gt_valid_foreground,51572,-0.022121581521744232,connected_nonzero,4.1510850362977246e-05,4.1510851588100195e-05,-0.022121542934949417,1.744305432096463e-06,3.915199000499141,1,,,0.01171875,0.0029296875,0.0009765625,0.0004151085036297724,0.00041510851588100195,-0.022462564692161624,0.015180064035002138,2.373026820331414,1,,,0.07421875,0.0244140625,0.001953125,0.004151085036297724,0.004151084925979376,-0.017661786033723006,0.20160382672629018,0.19348228365705034,1,,,0.583984375,0.2138671875,0.017578125
7,validation_test_seen,7679,scene_0129,255,mu,weighted_task,gt_valid_foreground,51572,0.9104917369376704,connected_nonzero,4.1510850362977246e-05,4.1510851588100195e-05,0.9046050822892095,0.006465357575083424,-10.201935094706085,1,0.9044872951691197,0.0065947240649825755,0.01171875,0.0029296875,0.0009765625,0.0004151085036297724,0.00041510851588100195,0.9001538509319135,0.011354178831459966,3.561846614486688,0,0.90001418906095,0.01150757052662594,0.07421875,0.0244140625,0.001953125,0.004151085036297724,0.004151084925979376,0.8890114137278432,0.023592002363551006,-0.9645818351260672,1,0.8890106845694807,0.023592803203726576,0.583984375,0.2138671875,0.017578125
7,validation_test_seen,7679,scene_0129,255,alpha,weighted_depth,gt_valid_foreground,51572,-0.028916011906458924,connected_nonzero,0.0001,2.521709211578127e-05,-0.028870999813079834,0.001556649427476388,-0.028870999813079834,0,,,0.0009765625,0.0009765625,0.0,0.001,0.0002521709247957915,-0.028934329748153687,0.000633083325385538,-0.028934329748153687,0,,,0.0107421875,0.0029296875,0.0009765625,0.01,0.0025217090733349323,-0.02952609211206436,0.020662409481414547,-0.02952609211206436,0,,,0.0927734375,0.0361328125,0.00390625
7,validation_test_seen,7679,scene_0129,255,alpha,weighted_view,gt_valid_foreground,51572,0.06333290392358236,connected_nonzero,0.0001,2.521709211578127e-05,0.06347894668579102,0.002300648795127947,-0.2580881118774414,1,,,0.0009765625,0.0009765625,0.0,0.001,0.0002521709247957915,0.06315112113952637,0.0028702739459938818,0.19091367721557617,0,,,0.0107421875,0.0029296875,0.0009765625,0.01,0.0025217090733349323,0.06312131881713867,0.003340840121573875,-0.11428892612457275,1,,,0.0927734375,0.0361328125,0.00390625
7,validation_test_seen,7679,scene_0129,255,alpha,weighted_cdf,gt_valid_foreground,51572,0.01579067066707322,connected_nonzero,0.0001,2.521709211578127e-05,0.01564621925354004,0.009147896031698704,-0.2154335379600525,1,,,0.0009765625,0.0009765625,0.0,0.001,0.0002521709247957915,0.015795230865478516,0.0002887072967868386,-0.4725940525531769,1,,,0.0107421875,0.0029296875,0.0009765625,0.01,0.0025217090733349323,0.015735626220703125,0.003485884009022696,-0.21825768053531647,1,,,0.0927734375,0.0361328125,0.00390625
7,validation_test_seen,7679,scene_0129,255,alpha,weighted_width,gt_valid_foreground,51572,0.010227865781677628,connected_nonzero,0.0001,2.521709211578127e-05,0.010244548320770264,0.001628430904934352,-0.3363564610481262,1,,,0.0009765625,0.0009765625,0.0,0.001,0.0002521709247957915,0.010227784514427185,7.94567040453143e-06,-0.07227063179016113,1,,,0.0107421875,0.0029296875,0.0009765625,0.01,0.0025217090733349323,0.010233744978904724,0.0005744912775543185,-0.06614867597818375,1,,,0.0927734375,0.0361328125,0.00390625
7,validation_test_seen,7679,scene_0129,255,alpha,weighted_task,gt_valid_foreground,51572,0.08935144195960612,connected_nonzero,0.0001,2.521709211578127e-05,0.08940696716308594,0.0006210388881498947,-0.8100271224975586,1,0.08945353329181671,0.001141277805959291,0.0009765625,0.0009765625,0.0,0.001,0.0002521709247957915,0.08916854858398438,0.0020468989823849474,-0.3539919853210449,1,0.08918927051126957,0.0018149841209038945,0.0107421875,0.0029296875,0.0009765625,0.01,0.0025217090733349323,0.08909106254577637,0.002914104217226458,-0.3986954689025879,1,0.08909206371754408,0.0029028993418964743,0.0927734375,0.0361328125,0.00390625
